{"accuracy": [0.38294491171836853, 0.5577330589294434, 0.6377118825912476, 0.7118644118309021, 0.7468220591545105, 0.78125, 0.8172669410705566, 0.8405720591545105, 0.8532838821411133, 0.8781779408454895, 0.8893008232116699, 0.8919491767883301, 0.9057203531265259, 0.9057203531265259, 0.9184321761131287, 0.9311440587043762, 0.929025411605835, 0.9343220591545105, 0.9327330589294434, 0.9369703531265259, 0.9406779408454895, 0.9491525292396545, 0.9491525292396545, 0.9502118825912476], "loss": [3.0030457973480225, 1.9547010660171509, 1.5030832290649414, 1.1055041551589966, 0.975180983543396, 0.8972126841545105, 0.7094994187355042, 0.6197996735572815, 0.539577305316925, 0.4694693088531494, 0.46883460879325867, 0.45469963550567627, 0.38000836968421936, 0.37072184681892395, 0.32547736167907715, 0.31360727548599243, 0.3166303336620331, 0.2784133553504944, 0.2712841033935547, 0.26614123582839966, 0.24633735418319702, 0.2055658996105194, 0.23162609338760376, 0.21143336594104767], "val_accuracy": [0.5593220591545105, 0.6737288236618042, 0.694915235042572, 0.7118644118309021, 0.7224576473236084, 0.7245762944221497, 0.7775423526763916, 0.7902542352676392, 0.8283898234367371, 0.8093220591545105, 0.8220338821411133, 0.8305084705352783, 0.8453390002250671, 0.8771186470985413, 0.8411017060279846, 0.8580508232116699, 0.8474576473236084, 0.8262711763381958, 0.8326271176338196, 0.8495762944221497, 0.8538135886192322, 0.8326271176338196, 0.8644067645072937, 0.875], "val_loss": [1.144245982170105, 0.9417310953140259, 0.8303345441818237, 0.722862720489502, 0.6853670477867126, 0.6488308310508728, 0.5376179218292236, 0.5333685874938965, 0.4791066348552704, 0.4723411798477173, 0.4580104947090149, 0.4173142611980438, 0.4250098168849945, 0.3547440469264984, 0.3856694996356964, 0.37086230516433716, 0.3926650881767273, 0.5404151082038879, 0.4776519238948822, 0.46564781665802, 0.5058020353317261, 0.4774817228317261, 0.4381115734577179, 0.4368476867675781], "learning_rate": [4.999999873689376e-05, 4.999999873689376e-05, 4.999999873689376e-05, 4.999999873689376e-05, 4.999999873689376e-05, 4.999999873689376e-05, 4.999999873689376e-05, 4.999999873689376e-05, 4.999999873689376e-05, 4.999999873689376e-05, 4.999999873689376e-05, 4.999999873689376e-05, 4.999999873689376e-05, 4.999999873689376e-05, 4.999999873689376e-05, 4.999999873689376e-05, 4.999999873689376e-05, 4.999999873689376e-05, 1.4999999621068127e-05, 1.4999999621068127e-05, 1.4999999621068127e-05, 1.4999999621068127e-05, 4.499999704421498e-06, 4.499999704421498e-06]}